Source,Target
Jakob Eriksson,Mark Grechanik
Jakob Eriksson,Isabel F. Cruz
Jakob Eriksson,Jakob Eriksson
Isabel F. Cruz,Ugo Buy
Isabel F. Cruz,Isabel F. Cruz
Isabel F. Cruz,Mark Grechanik
Isabel F. Cruz,Mark Grechanik
Isabel F. Cruz,Jakob Eriksson
Isabel F. Cruz,Isabel F. Cruz
Mark Grechanik,Mark Grechanik
Mark Grechanik,Jakob Eriksson
Mark Grechanik,Isabel F. Cruz
Mark Grechanik,Mark Grechanik
Mark Grechanik,Isabel F. Cruz
Mark Grechanik,Ugo Buy
Mark Grechanik,Mark Grechanik
Ugo Buy,Isabel F. Cruz
Ugo Buy,Ugo Buy
Ugo Buy,Mark Grechanik
